
 [
  { "value": "karnabahar", "label": "karnabahar" },
  { "value": "mercimek", "label": "mercimek" },
  { "value": "soğan", "label": "soğan" },
  { "value": "un", "label": "un" },
  { "value": "patates", "label": "patates" },
  { "value": "kabak", "label": "kabak" },
  { "value": "havuç ", "label": "havuç " },
  { "value": "sarımsak", "label": "sarımsak" },
  { "value": "zeytinyağ", "label": "zeytinyağ" },
  { "value": "süt", "label": "süt" },
  { "value": "et suyu", "label": "et suyu" },
  { "value": "domates salçası", "label": "domates salçası" },
  { "value": "bulyon tablet", "label": "bulyon tablet" },
  { "value": "kuru nane", "label": "kuru nane" },  
  { "value": "mantar", "label": "mantar" },
  { "value": "biber", "label": "biber" },
  { "value": "maydanoz", "label": "maydanoz" },
  { "value": "kırmızı toz biber", "label": "kırmızı toz biber" },
  { "value": "buğday unu", "label": "buğday unu" },
  { "value": "tel şehriye", "label": "tel şehriye " },
  { "value": "tereyağ", "label": "tereyağ" },
  { "value": "yarma", "label": "yarma" }, 
  { "value": " nohut", "label": " nohut " },
  { "value": "tereyağ", "label": "tereyağ" },
  { "value": "yumurta sarısı", "label": "yumurta sarısı" },
  { "value": "kırmızı kuru soğan ", "label": "kırmızı kuru soğan" },
  { "value": "kırmızı mercimek  ", "label": "kırmızı mercine" },



 { "value": "krema", "label": "krema" },
  { "value": "tel şehriye", "label": "tel şehriye " },
  { "value": "pırasa", "label": "pırasa" },
  { "value": "mantar", "label": "mantar" }, 
   { "value": "pesto", "label": "pesto" },
  { "value": "penne rigate makarna", "label": "penne rigate makarna" },
  { "value": "mozzarella peynir", "label": "mozzarella peynir" },
  { "value": "fesleğen yaprağı", "label": "fesleğen yaprağı" },
  { "value": "domates" , "label": "domates"},
  { "value": "sarımsak", "label": "sarımsak" },
  { "value": "zeytinyağ", "label": "zeytinyağ" },
  { "value": "soğan", "label": "soğan" },
  { "value":" fesleğen yaprağı", "label": "fesleğen yaprağı" },
  { "value": "linguine makarna", "label": "linguine makarna" },
  { "value": " enginar", "label": "enginar" },
  { "value": "bottarga", "label": "bottarga" },
  { "value": "maydanoz", "label": "maydanoz" },
  { "value":"sızma zeytinyağı", "label": "sızma zeytinyağı" },
  { "value": "chili biber", "label": "chili biber" },
  { "value": " enginar", "label": "enginar" },
  { "value": "bottarga", "label": "bottarga" },
  { "value": "noodle", "label": "noodle" },
  { "value": "somon fileto", "label": "somon fileto" },
  { "value": " biber", "label": " biber" },
  { "value": "kırmızı biber", "label": "kırmızı biber" },
  { "value": " brokoli", "label": "brokoli" },
  { "value": "soya sosu,", "label": "soya sosu," },

   { "value": "tavuk göğsü", "label": "tavuk göğsü" },
  { "value": "sıvı krema ", "label": "sıvı krema " },
    { "value": " zeytinyağı", "label": "zeytinyağı" },
  { "value": "toz kırmızı biber ", "label": "toz kırmızı biber " },
   { "value": "köri ", "label": "köri " },
    { "value": " arpacık soğan", "label": "arpacık soğan" },
  { "value": "parmesan peyniri ", "label": "parmesan peyniri " },

  { "value": "tavuk baget", "label": "tavuk baget" },
   { "value": "patates ", "label": "patates " },
    { "value": "  salça", "label": " salça" },
  { "value": "soya sosu ", "label": "soya sosu " },


   { "value": "süt", "label": "süt" },
  { "value": "toz şeker", "label": "toz şeker" },
  
  { "value": "yumurta", "label": "yumurta" },
  { "value": "vanilya", "label": "vanilya" },
  { "value": "limon suyu", "label": "limon suyu" },
  { "value": "petibör bisküvi ", "label": "petibör bisküvi " },
  { "value": "toz vanilya", "label": "toz vanilya" },
  { "value": "tel kadayıf", "label": "tel kadayıf" },
  { "value": "tereyağ", "label": "tereyağ" },
  { "value": "dil peyniri", "label": "dil peyniri" },
  { "value": " hindistancevizi", "label": " hindistancevizi" },
  

  { "value": "göbek marul", "label": "göbek marul" },
  { "value": "domates", "label": "domates" },
  { "value": "soya filizi,", "label": "soya filizi," },
  { "value": "hellim peyniri", "label": "hellim peyniri" },
  { "value": "konserve mısır", "label": "konserve mısır" },
  { "value": "Akdeniz yeşillikleri", "label": "Akdeniz yeşillikleri" },
  { "value": "ceviz ", "label": "ceviz " },
  { "value": "limon suyu", "label": "limon suyu" },
  { "value": "sirke", "label": "sirke" },
  { "value": "mayonez", "label": "mayonez" },
  { "value": "dereotu ", "label": " dereotu" },
  { "value": "nar ", "label": "nar" },
  
  { "value": "beyaz peynir", "label": "beyaz peynir" },
  { "value": " portakal", "label": "portakal " },  
  { "value": "kivi", "label": "kivi" },
  { "value": "ayva", "label": "ayva" },
  { "value": "elma", "label": "elma" },
  { "value": "bal ", "label": "bal" },



      { "value": "beyaz peynir", "label": "beyaz peynir" },
  { "value": " parmesan peynir,", "label": "parmesan peynir, " },  
  { "value": "hardal", "label": "hardal" },
  { "value": "balzamik sirke", "label": "balzamik sirke" },
  { "value": "turp", "label": "turp" },
  { "value": "roka ", "label": "roka" },



  { "value": "badem", "label": "badem" },
  { "value": "çilek", "label": "çilek" },
  { "value": "yaban mersini", "label": "yaban mersini" },
  { "value": "chia tohumu", "label": "chia tohumu" },
  { "value": "keten tohumu", "label": "keten tohumu" },
  { "value": "muz", "label": "muz" },  
  { "value": "bal", "label": "bal" },
  { "value": "orman meyvesi", "label": "orman meyvesi" },
  { "value": "ıspanak", "label": "ıspanak" },
  { "value": "süzme yoğur", "label": "süzme yoğur" },
  { "value": "zencefil", "label": "zencefil" },
  { "value": " soya fasulyesi", "label": "soya fasulyesi" },
  { "value": " mor lahana", "label": "mor lahana" },
  { "value": "lime suyu   ", "label": "lime suyu" },
  { "value": " Teriyaki sos", "label": "Teriyaki sos" },
  { "value": " Susam Yağı", "label": "Susam Yağı" },
  { "value": "edamame   ", "label": "edamame " },
   { "value": "Akçaağaç şurubu   ", "label": "Akçaağaç şurubu " },
    



   { "value": "sardalya", "label": "sardalya" },
  { "value": "limon", "label": "limon" },
  { "value": "mısır unu", "label": "mısır unu" },
  { "value": "zeytinyağı", "label": "zeytinyağı" },
  { "value": "tuz", "label": "tuz" },




 { "value": "macar salam", "label": "macar salam" },
  { "value": "tost ekmeği", "label": "tost ekmeği" },
   { "value": " fileto tavuk göğsü", "label": "fileto tavuk göğsü" },
  { "value": "jambon", "label": "jambon" },
   { "value": "kıvırcık marul", "label": "kıvırcık marul " },
    { "value": "maden suyu ", "label": " maden suyu " },
      { "value": "dijon hardalı", "label": "dijon hardalı" }




 
 ]