[
    {
        "adi": "Soğan Halkası",
        "id": 1,
        "image": "https://i.pinimg.com/564x/ff/e5/db/ffe5db64019ace06de1b48b2c46e4517.jpg",
        "malzemeler": "2 adet büyük boy kuru soğan\r\n 1 adet yumurta\r\n 1/2 su bardağı maden suyu\r\n 1/2 su bardağı süt\r\n 3 yemek kaşığı un\r\n 3 yemek kaşığı mısır nişastası\r\n 1 çay kaşığı kabartma tozu ya da karbonat\r\n 1/2 çay kaşığı tuz\r\n 1/4 çay kaşığı karabiber\r\n 1/4 çay kaşığı kırmızı toz biber\r\n Kızartmak için:\r\n 1 su bardağı bayat ekmek içi ya da galeta unu\r\n 1,5 su\r\n bardağı ayçiçek yağı",
        "sure": 10,
        "recipe":"Uç kısımları aldığınız kuru soğanların kabuklarını dikkatli bir şekilde soyun.\r\n Kabuğunu soyduğunuz soğanları yarım santimetre kalınlığında halka halka dilimleyin.\r\n Her bir soğan dilimini kendi halkalarına ayırın.\r\n Çıtır kaplama harcı için; yumurta, süt, maden suyu, elenmiş un, mısır nişastası, kabartma tozu, tuz, karabiber ve kırmızı toz biberi derin bir kapta bir çırpıcı yardımıyla karıştırın.\r\n Hazırladığınız kaplama harcını, pürüzsüz bir kıvamda olması için tel süzgeçten geçirip ayrı bir yere alın.\r\n Ayçiçek yağını geniş tabanlı bir tavada kızdırın. Galeta unu ya da çekilmiş bayat ekmek içini düz bir tabağa alın.\r\n İnce ince halkalarına ayrılmış her bir soğan halkasını öncelikle kaplama harcına batırıp fazlasını aldıktan sonra galeta ununa bulayın.\r\n Kızdırılmış yağa bıraktığınız soğan halkalarını, aralarda bir kevgir yardımıyla karıştırarak altın sarısı bir renk alana kadar kızartın.\r\n Fazla yağını bırakmaları için kısa bir süre kağıt havlu üzerinde beklettiğiniz çıtır soğan halkalarını, ev yapımı soslar eşliğinde sevdiklerinizle paylaşın.",
         "pisirimturu":"ocak",
         "materials":"[kuru soğan,yumurta, maden suyu,süt,un,mısır nişastası, kabartma tozu, karabiber,kırmızı toz biber,bayat ekmek içi,ayçiçek yağı]"
    },
    {
        "adi": "Patates Kroket",
        "id": 2,
        "image": "https://i.pinimg.com/564x/2e/45/52/2e455272a73d274078df87fb4fcd46d3.jpg",
        "malzemeler": "4 adet orta boy patates\r\n 1 adet yumurta\r\n 1 çay bardağı rendelenmiş kaşar peyniri\r\n 1/2 çay bardağı un\r\n 1 çay kaşığı tuz\r\n 1 çay kaşığı karabiber\r\n Kızartmak için:\r\n\r\n 1 su bardağı galeta unu\r\n 2 su bardağı ayçiçek yağı",
        "recipe": "Orta boy patatesleri dağılmalarını önlemek amacıyla kabuklu olarak haşlayın. Ardından; soğumaları için soğuk su dolu bir kaba alın.\r\n  Kabuğunu soyduğunuz patatesleri, rendeleyin. Tuz, karabiber, yumurta, un ve rendelenmiş kaşar peyniri ilavesiyle harmanlayın.\r\n  Tüm malzemeyi iyice özleşip, hamur kıvamı alana kadar yoğurun. Hazırladığınız karışımı kolayca şekil vermek için; üzeri kapalı bir kapta buzdolabında 1 saat kadar bekletin.\r\n  Dinlenen patatesli harçtan ceviz büyüklüğünde parçalar kopartın.\r\n  Elinizle yuvarlak ya da uzunlamasına şekiller verin.\r\n  Galeta ununu geniş bir servis tabağına alın. Hazırladığınız patates kroketleri, üzerleri tamamen kaplanacak şekilde galeta ununa bulayın.\r\n  Ayçiçek yağını derin bir tavada kızdırın.\r\n  Hazırladığınız patates köftelerini kızgın, derin yağda aralarda ters çevirerek renk alana kadar kızartın.\r\n Fazla yağını bırakması için; kağıt havlu serili bir servis tabağına aldığınız kroketleri 2- 3 dakika beklettikten sonra ılık olarak servis edin. Sevdiklerinizle paylaşın..",
        "sure": 65,
         "pisirimturu":"ocak",
        "materials":"[ patates, yumurta,rendelenmiş kaşar peyniri,un, karabiber,ayçiçek yağı,galeta unu]"
    },
    {
        "adi": "Club Sandwich",
        "id": 3,
        "image": "https://i.pinimg.com/564x/55/e2/c0/55e2c020a5f846f6573a7756487d32bc.jpg",
        "malzemeler": "  2 dilim pratik macar salam\r\n 3 dilim tost ekmeği\r\n 150 gram fileto tavuk göğsü\r\n 1 adetorta boy domates\r\n 2 dilim kaşar peyniri\r\n 2  dilim jambon\r\n 4 adet kıvırcık marul yaprağı",
        "recipe": "Orta boy patatesleri dağılmalarını önlemek amacıyla kabuklu olarak haşlayın. Ardından; soğumaları için soğuk su dolu bir kaba alın.\r\n  Kabuğunu soyduğunuz patatesleri, rendeleyin. Tuz, karabiber, yumurta, un ve rendelenmiş kaşar peyniri ilavesiyle harmanlayın.\r\n  Tüm malzemeyi iyice özleşip, hamur kıvamı alana kadar yoğurun. Hazırladığınız karışımı kolayca şekil vermek için; üzeri kapalı bir kapta buzdolabında 1 saat kadar bekletin.\r\n  Dinlenen patatesli harçtan ceviz büyüklüğünde parçalar kopartın.\r\n  Elinizle yuvarlak ya da uzunlamasına şekiller verin.\r\n  Galeta ununu geniş bir servis tabağına alın. Hazırladığınız patates kroketleri, üzerleri tamamen kaplanacak şekilde galeta ununa bulayın.\r\n  Ayçiçek yağını derin bir tavada kızdırın.\r\n  Hazırladığınız patates köftelerini kızgın, derin yağda aralarda ters çevirerek renk alana kadar kızartın.\r\n Fazla yağını bırakması için; kağıt havlu serili bir servis tabağına aldığınız kroketleri 2- 3 dakika beklettikten sonra ılık olarak servis edin. Sevdiklerinizle paylaşın..",
        "sure": 10,
         "pisirimturu":"yok",
        "materials":"[ macar salam, tost ekmeği, fileto tavuk göğsü,domates,jambon, kıvırcık marul ]"
    },
    {
        "adi": "Croque Madame",
        "id": 4,
        "image": "https://www.spoonforkbacon.com/wp-content/uploads/2017/09/croque_madame_toast_recipe2.jpg",
        "malzemeler": "2 dilim tam buğday ekmeği\r\n 1 tatlı kaşığı dijon  hardalı\r\n 2 dilim jambon\r\n 2 dilim eski kaşar(arzuya göre gravyer)\r\n 1 adet yumurta\r\n 1 tatlı kaşığı ayçiçek yağı\r\n 1/4 çay kaşığı tuz\r\n 1/4 çay kaşığı karabiber",
        "recipe": "Tam buğday ekmek dilimlerinin iç kısmına hardal sürün.\r\nHardal sürülmüş bir dilim ekmek üzerine jambon dilimlerini yerleştirin.\r\nDiğer hardallı ekmek dilimini jambonların üzerine kapatın.\r\nEski kaşar peyniri dilimlerini ekmeğin üzerine yerleştirdikten sonra önceden ısıtılmış 250 derece fırında 5 dakika kadar fırınlayın.\r\nSahanda yumurtayı hazırlamak için; ayçiçek yağını tavada kızdırın.\r\n Yumurtayı kırdıktan sonra 2 dakika kadar pişirin. Tuz ve karabiberi de üzerine serpiştirin.\r\n Fırından çıkardığınız tostun üzerine sahanda yumurtayı yerleştirin ve bekletmeden sıcak olarak servis edin. Sevdiklerinizle paylaşın..",
        "sure": 20,
         "pisirimturu":"fırın",
        "materials":"[ tam buğday ekmeği,dijon  hardalı,jambon, eski kaşar,yumurta,karabiber,ayçiçek yağı]"
    },
     {
        "adi": "Avakadolu Poşe Yumurta",
        "id": 5,
        "image": "https://i.pinimg.com/564x/3f/29/e5/3f29e53d2f5f37dcafa4619145d966af.jpg",
        "malzemeler": "1 adet  olgun avokado\r\n 1 adet yumurta\r\n Tuz, limon \r\n karabiber\r\n 1  dilim tam buğday ekmeği\r\n 1  tatlı kaşığı sirke",
        "recipe": "Genişçe bir tencereye suyu alın tuz ve sirke ekleyerek kaynatın.\r\n Yumurtayı bir kaba kırın.\r\n Kaynayan suyu karıştırarak içinde bir girdap oluşturun ve yumurtayı bu girdabın için yavaşça bırakın.\r\n 3 dk kadar pişirin.\r\n Ve ezilmiş avokadoyu baharat tuz ve limonla tatlandırıp ekmeğe sürün.\r\n Pişen yumurtayı pir peçeteye alarak suyunu süzün.\r\n Ardından avokadoların üstüne koyun..",
        "sure": 20,
         "pisirimturu":"ocak",
        "materials":"[avokado,yumurta,limon,karabiber,yumurta, tam buğday ekmeği,sirke ]"
    }
]