[
    {
        "adi": "Kabak Çorbası",
        "id": 1,
        "image": "https://i4.hurimg.com/i/hurriyet/75/750x422/5d78da4045d2a023a0d3cd0a.jpg",
        "materials": "[ kabak,kuru soğan,zeytinyağ, tereyağ, un, karabiber,ceviz içi,su,tuz]",
        "recipe": "Bol suda yıkayıp uç kısımlarını aldığınız kabakların kabuklarını incecik soyun.\r\n Dört tarafından uzunlamasına kestiğiniz kabakların orta kısımlarında kalan çekirdekli kısımları kullanmamak üzere bir kenara ayırın.\r\nEtli kısımlarını kullanacağınız kabakları, küçük parçalar halinde  doğrayın.\r\n Kuru soğanı küçük küpler halinde yemeklik doğrayın.\r\n Dereotunu kıyın.\r\nZeytinyağını bir tavada kızdırın.\r\n Yemeklik doğradığınız kuru soğanı hafif bir renk alana kadar soteleyin.\r\n Kabakları ekleyip soğanlarla birlikte  soteleme işlemini 5 dakika kadar sürdürün.\r\n Derin bir tencerede tereyağını eritin.\r\n Unu ilave ettikten sonra kokusu çıkana ve köpürene kadar yaklaşık 2-3 dakika kavurun.\r\n Soğuk sütü azar azar katıp bir çırpıcı yardımıyla karıştırın. Soğuk tavuk suyu ve süzme yoğurt ilave ettiğiniz çorba karışımını, kuru soğanla birlikte sotelenmiş kabak ilavesiyle kısık ateşte 15 dakika kadar pişirin.\r\n Son olarak kıyılmış dereotu, taze çekilmiş tane karabiber ve tuz eklediğiniz kabak çorbasını bir taşım daha kaynattıktan sonra blenderdan geçirin.\r\n Sulu bir püre kıvamını alan ve süzme yoğurt ilavesiyle rengi açılan kabak çorbasını servis kaselerine paylaştırdıktan sonra birer yemek kaşığı ince çekilmiş ve kavrulmuş ceviz içi ya da maydanoz yapraklarıyla süsleyip servis edin.",
        "sure": 50,
        "pisirimturu":"ocak",
        "malzemeler":"4 adetorta boy kabak\r\n 1 adetbüyük boy kuru soğan\r\n 2 yemek kaşığızeytinyağı\r\n 2 yemek kaşığıtereyağı\r\n 1 yemek kaşığıun\r\n 1 su bardağısoğuk süt\r\n 4 su bardağısoğuk tavuk suyu\r\n 1/2 su bardağısüzme yoğurt\r\n 1/4 demetdereotu\r\n1 çay kaşığıtuz\r\n 1/2 çay kaşığıtaze çekilmiş tane karabiber\r\n 5 yemek kaşığıince çekilmiş ceviz içi(Servisi için)"
    },
    {
        "adi": "Domates Çorbası",
        "id": 2,
        "image": "https://cdn.yemek.com/mncrop/313/280/uploads/2017/09/feslegenli-domates-corbasi-tarifi.jpg",
        "materials": "[ domates, tereyağ,un,süt,kaşar peyniri]",
        "recipe": "Tereyağını eritin ya da zeytinyağını orta boy bir tencerede ve orta ısılı ateşte kızdırın. Unu tencereye aktarıp tel çırpıcı yardımıyla sürekli karıştırarak 2-3 dakika kavurun. Böylece unun kokusu çıkacaktır.\r\nTencereyi ocaktan alıp domates salçasını ve varsa rendelenmiş domatesi ekledikten sonra soğuk suyu yavaş yavaş eklemeye başlayın. Suyu eklerken malzemeleri tel çırpıcı yardımıyla karıştırmaya devam ederek pürüzsüz hale getirin.\r\nDaha sonra sütü, isterseniz hazır tavuk bulyonu, tuzu ve karabiberi de aktarıp tencereyi tekrar ocağın üzerine koyduktan sonra karıştırarak koyulaşıncaya kadar pişirmeye devam edin.\r\nÇorba kaynamaya başladıktan 2-3 dakika sonra ocaktan alıp üzerine kuru nane serpin. Çorbayı servis tabaklarına aldıktan sonra üzerine rendelenmiş kaşar ekleyip servis yapın. Tercihe bağlı olarak kruton ekmek de kullanabilirsiniz. Çorba dinlendikçe katılaşacaktır. Çorbanızın koyu ayran kıvamında olması başarıya ulaştığınızı gösterecektir.",
        "sure": 45,
         "pisirimturu":"ocak",
         "malzemeler":"4-5 adet olgun domates\r\n 2 çorba kaşığı tereyağı\r\n 3 çorba kaşığı un\r\n 1 litre su\r\n 1 su bardağı süt\r\n 1 çorba kaşığı rendelenmiş taze kaşar"
    },
    {
        "adi": "Sebze Çorbası",
        "id": 3,
        "image": "https://www.pelinchef.com/wp-content/uploads/2017/12/kremali-sebze-corbasi.jpg",
        "materials": "[ havuç,kabak,biber,karnabahar,un,tereyağı,tavuk suyu,tuz,nane,toz acı biber]",
        "recipe": "Öncelikle havuç ve kabağı rendeleyip, biberleri ince ince doğruyoruz.\r\nHazır olan sebzeleri bir kenara alıp yağımızı tencereye koyup ısıtıyoruz. Isınan yağa unu ekleyip hafifçe kavuruyoruz.\r\nArdından sebzelerimizi de tencereye ilave ediyoruz.\r\nBir iki dakika sebzelerimizi karıştırıp daha sonra suyumuzu ekliyoruz. Yaklaşık on beş dakika orta ateşte kaynayan çorbamızı ocaktan almadan önce tuzunu ve baharatlarını ilave ediyoruz.\r\nİsterseniz blenderdan geçirip ya da direkt bu şekilde servis edebilirsiniz. Afiyet olsun...",
        "sure": 35,
        "pisirimturu":"ocak",
        "malzemeler":"2 adet havuç\r\n 2 adet kabak\r\n 2 adet biber\r\n 1/4 adet karnabahar(dilediğiniz sebzeyi ekleyebilir veya çıkartabilirsiniz)\r\n 3 yemek kaşığı un\r\n 1-2 yemek kaşığı tereyağı veya sıvı yağ\r\n 5 su bardağı tavuk suyu(dilerseniz sıcak suyla da yapabilirsiniz)\r\n 1,5 tatlı kaşığı tuz\r\n 1 çay kaşığı nane\r\n 1 çay kaşığı toz acı biber"
    },
    {
        "adi": "Kremalı Mantar Çorbası",
        "id": 4,
        "image": "https://i2.milimaj.com/i/milliyet/75/0x410/5c8e190445d2a09e00a2cfa4.jpg",
        "materials": "[ mantar,kuru soğan, un,süt ,tereyağı,karabiber,maydanoz,su,krema,sıvı yağ]",
        "recipe": "Mantarları güzelce yıkayalım ve saplarını çıkarıp küp küp doğrayalım.\r\nSıvı yağ ve tereyağı tencereye koyup ince ince doğradığımız soğanı ekleyelim ve biraz pembeleşince, doğradığımız mantarları da ilave edelim ve suyunu salıp çekene kadar kavuralım.\r\nDaha sonra, unu ekleyip 1 dakika daha kavurduktan sonra, 1.5 su bardağı sütü👉(arzu eden paket kremada kullanabilir ama ben sütle yapıyorum gayet güzel oluyor) suyunu da ekleyip orta hararetli ateşte kaynamaya başlayana kadar karıştırarak pişirin.\r\nAltını kısıp 10 dk kadar kaynatın,\r\nAteşten almadan tuz ve karabiberini ve ince ince doğradığımız maydanozları da ekleyin",
        "sure": 60,
         "pisirimturu":"ocak",
         "malzemeler":"400 gr mantar\r\n 1 adet orta boy kuru soğan\r\n 1-2 yemek kaşığı un\r\n 1.5 su bardağı süt veya 200 ml sıvı krema\r\n 3 yemek kaşığı sıvı yağ\r\n 1 yemek kaşığı tereyağı\r\n Tuz\r\n Karabiber\r\n 1 tutam taze maydanoz\r\n 3.5 su bardağı oda sıcaklığında su"
    },
    {
        "adi": "Mercimek Çorbası",
        "id": 5,
        "image": "https://i.pinimg.com/564x/c1/34/5a/c1345addeb44e98d565ae4af33a36c25.jpg",
        "materials": "[ayçiçek yağ, kuru soğan,un,havuç,patates,tuz,kırmızı kuru soğan,kırmızı mercimek]",
        "recipe": "Derin bir tencereye 3 yemek kaşığı sıvı yağ ekleyin. İri doğranmış 1 adet büyük soğanı sıvı yağ ile birlikte kavurun.\r\nKavrulan soğanlara 1 yemek kaşığı unu ekleyin ve kokusu çıkıp, renk alana kadar kavurma işlemini sürdürün. İri parçalar halinde doğradığınız birer adet havuç ve patatesi tencereye aktarıp karıştırmaya devam edin.\r\nTuz, karabiber ve bol suda yıkadıktan sonra suyunu süzdürdüğünüz 1,5 su bardağı mercimeği  de ilave edin ve son kez güzelce karıştırın.\r\n6 su bardağı suyu da tencereye ilave edin.\r\nArdından kapağını kapatın, patates ve havuçlar yumuşayana kadar ara ara karıştırarak 40 dakika kadar pişirin.\r\nÇorba piştikten sonra pürüzsüz bir kıvam alması için; el blenderından geçirin. 5 dakika daha pişirdikten sonra ocaktan alın.\r\n3 yemek kaşığı sıvı yağ ve 2 yemek kaşığı tereyağını bir tavada kızdırın. Üzerine 1 tatlı kaşığı toz kırmızı biberi ekleyin ve 2 dakika yağı kızdırdıktan sonra ocaktan alın.\r\norbayı bir kaseye alın ve üzerine kızdırdığınız yağdan gezdirip servis edin",
        "sure": 35,
         "pisirimturu":"ocak",
         "malzemeler":"3 yemek kaşığı ayçiçek yağı\r\n 1 adet kuru soğan(iri doğranmış)\r\n 1 yemek kaşığı un\r\n 1 adet havuç(iri doğranmış)\r\n 1 adet patates(büyük boy, iri doğranmış)\r\n 1 tatlı kaşığı tuz\r\n 1 çay kaşığı karabiber\r\n 1,5 su bardağı kırmızı ya da sarı mercimek\r\n 6 su bardağı sıcak su(1 adet et su tablet ile hazırlanmış)\r\n Üzeri İçin:\r\n 3 yemek kaşığı sıvı yağ\r\n 2 yemek kaşığı tereyağı\r\n 1 tatlı kaşığı kırmızı toz biber"
    },
    {
        "adi": "Yoğurt Çorbası",
        "id": 6,
        "image": "https://i.pinimg.com/564x/03/ed/9f/03ed9f146f9db5c65cd930884f459291.jpg",
        "materials": "[su, pirinç,un,yumurta sarısı,yoğurt, kuru nane]",
        "recipe": "Tencereye suyu ekleyin, kaynadıktan sonra pirinçleri ekleyin.\r\n Bir kapta yumurta, un ve yoğurdu karıştırın.Pişen pirincin üzerine ekleyin ve karıştırın.\r\n Pişerken bir tutam kuru nane ekleyin.\r\n 10 dakikaya yakın pişirdikten sonra yoğurt çorbasının altını kapatın ve tuzunu ekleyin.\r\n Yoğurt çorbası servise hazır.",
        "sure": 30,
         "pisirimturu":"ocak",
         "malzemeler":"7 su bardağı su\r\n 4 çorba kaşığı pirinç\r\n 1 çorba kaşığı un\r\n 1 yumurta sarısı\r\n 1 su bardağı yoğurt\r\n 2 çay kaşığı tuz\r\n kuru nane"
    },
     {
        "adi": "Şehriye Çorbası",
        "id": 7,
        "image": "https://im.haberturk.com/2019/09/13/ver1568613526/2521916_810x458.jpg",
        "materials": "[tel şehriye, salça,sıvı yağ,kuru nane ,kimyon, pul biber,su,tuz]",
        "recipe": "Yağı tencereye koyun ve ısıtın. İçine naneyi ekleyip bir dakika kadar çevirin.\r\n  Ardından salçayı ekleyip kısık ateşte 2-3 dakika kavurun.\r\n Şehriyeleri de ekleyip 2 dakika daha kavurun ve baharatını ekleyin.\r\n Sıcak suyu da ekleyip karıştırın.\r\n 5 dakika kadar kaynadıktan sonra kapağı kapatıp ocaktan alın.\r\n 5-10 dakika kapağı kapalı halde dinlendirdikten sonra servis edebilirsiniz..",
        "sure": 30,
         "pisirimturu":"ocak",
         "malzemeler":"1 çay bardağı + 1 çorba kaşığı tel şehriye\r\n  2 çorba kaşığı salça\r\n  4 çorba kaşığı sıvı yağ\r\n  2 çorba kaşığı kuru nane\r\n 1 tatlı kaşığı kimyon\r\n  1 çorba kaşığı pul biber\r\n  1 tatlı kaşığı tuz\r\n 2 litre sıcak su"
    },
     {
        "adi": "Brokoli  Çorbası",
        "id": 8,
        "image": "https://i.pinimg.com/564x/5d/5a/94/5d5a9443aecd9161e4abf52875850931.jpg",
        "materials": "[ brokoli,havuç,patates, süt,tereyağ,buğday unu,karabiber]",
        "recipe": "Geniş bir tencereye doğranmış brokoli, havuç, patates ve soğanı alıp kavurun.\r\n Üzerini geçecek kadar su ekledikten sonra malzemeleri haşlanmaya bırakın.\r\n Geniş bir tencerede zeytinyağı, tereyağı ve sütü kavurun.\r\n  Haşlanan malzemeleri ve 5 su bardağı sebze suyunu diğer tencereye alın.\r\n  Çorbayı kapağı kapalı olarak kısık ateşte pişmeye bırakın.\r\n Pişen çorbaya, karabiber ve tuzunu ekleyin. Karışımı blenderden geçirin.\r\n Brokoli çorbası tarifi hazır.\r\n Afiyet olsun…..",
        "sure": 20,
         "pisirimturu":"ocak",
         "malzemeler":"500 gr brokoli\r\n 1 havuç\r\n  1 patates\r\n  1 soğan\r\n ½ çay bardağı süt\r\n  1 çorba kaşığı tereyağı\r\n 1 çay kaşığı buğday unu\r\n  1 çay kaşığı karabiber\r\n tuz"
    },
    {
        "adi": "Soğuk   Çorba",
        "id": 9,
        "image": "https://i.pinimg.com/564x/59/62/28/5962287eaf9a6c6acc662e6b4a1cb646.jpg",
        "materials": "[ yarma,nohut,yoğurt, su,kuru nane,pulbiber]",
        "recipe": "Yarmalarımızı yıkadıktan sonra düdüklüde pişirelim aynı işlemi tencerede de yapabiliriz ama düdüklü daha pratik yarmalarımız piştikten sonra biraz soğumasını bekleyelim.r\r\n Miktar olarak biraz fazla pişirip buzlukta saklayabiliriz,buzu çözüldükten sonra kullanabiliriz eğer pişirdikten sonra sıcakken katarsak yoğurt kesilir.r\r\n Derin bir kapta yoğurdumuzu su ile güzelce özeyelim, koyu ayran kıvamını alınca yarma ve nohutumuzu katalım.r\r\n Üzerini istediğimiz gibi süsleyip soğuk gibi servis edelim…..",
        "sure": 15,
         "pisirimturu":"ocak",
         "malzemeler":"3 su bardağı haşlanmış yarma\r\n 1 su bardağı haşlanmış nohut\r\n 3 su bardağı susuz yoğurt\r\n 1 su bardağı soğuk su\r\n 1 çay kaşığı tuz\r\n 1 çay kaşığı kuru nane yada bir tutam taze nane\r\n 1 çay kaşığı pul biber"
    },
     {
        "adi": "Pırasa  Çorbası",
        "id": 10,
        "image": "https://neselisefler.com/wp-content/uploads/2019/10/pirasa-corbasi-tarifi-1024x1024.jpg",
        "materials": "[ pırasa,patates,sarımsak, soğan,sebze suyu,defne yaprağı,maydanoz sapı,karabiber,beyaz sirke,sıvı yağ,tereyağ,tuz]",
        "recipe": "Pırasanın beyaz kısmını iri iri silindir şeklinde doğrayın.\r\n Soğanları yemeklik doğrayın.\r\n Sıvıyağı kızdırıp soğan ve pırasaları sotelemeye başlayın. 3-4 dakika soteledikten sonra tereyağını, incecik kıyılmış sarımsakları ekleyin ve 2-3 dakika daha soteleyin.\r\n Ufak ufak küp küp kestiğiniz patatesleri ekleyin ve 2-3 dakika hep birlikte soteleyin.\r\n Sirkeyi ekleyin ve hızlıca 1-2 tur daha çevirin.\r\n Sebze suyunu ekleyin, tülbetten küçük bir baharat kesesi yapıp ve defne yaprağı, maydanoz sapları ve kırdığınız tane karabiberleri tülbente koyup çorbanın içine atın.\r\n Çorba kaynamaya başlayınca altını iyice kısın ve tıngırdamaya bırakın.\r\n Patatesler ve pırasalar piştiğinde, ki bu 20-30 dakika alacaktır, baharat kesenizi çıkarıp, tuzu ekleyip çorbayı blenderdan geçirin.\r\n Bu işlemi tamamen pürüzsüz olana kadar da yapabilirsiniz veya hafif pütürlü de bırakabilirsiniz...",
        "sure": 60,
         "pisirimturu":"ocak",
         "malzemeler":"2 adet pırasa\r\n 2 adet orta boy patates\r\n 4 diş sarımsak\r\n 2 adet küçük boy soğan\r\n 5 su bardağı sebze suyu\r\n 1 adet defne yaprağı\r\n 2 dal maydanoz sapı\r\n 3 adet tane karabiber\r\n 1 yemek kaşığı beyaz sirke\r\n 1 yemek kaşığı sıvı yağ\r\n 1 yemek kaşığı tereyağ\r\n 1 tatlı kaşığı tuz"
    }
    
]