[
    {
        "adi": "Kinoalı  Ilık Ispanak Salatası",
        "id": 1,
        "image": "https://lezzet.blob.core.windows.net/images-xxlarge-recipe/kinoali-ilik-ispanak-salatasi-4a64e319-165a-4f63-8778-289de22f8e67.jpg",
        "malzemeler": "100 g kırmızı kinoa\r\n 500 g ıspanak\r\n 200 g mantar\r\n4-5 dal taze nane\r\n 4-5 dal dereotu\r\n 3 adet kırmızı çeri domates\r\n3 adet sarı çeri domates\r\n1/ 2 limonun suyu\r\n 3yemek kaşığı nar ekşisi\r\n1 2 çay bardağı zeytinyağı\r\n Tuz\r\n Karabiber Üzeri için 2 yemek kaşığı rendelenmiş parmesan peyniri",
        "recipe": "Kinoayı küçük bir tencereye alın. Üzerini 1 parmak geçecek kadar su ilave edip yumuşayana kadar haşlayın. Ocaktan alıp süzün ve ılınmaya bırakın.\r\nAyrı bir tavada mantarı ve iri doğradığınız ıspanakları bir yemek kaşığı zeytinyağında, ıspanak yapraklarını fazla söndürmeden soteleyin. Yeşillikleri ince kıyın ve domatesleri küp doğrayın. Salata için hazırladığınız tüm malzemeyi bir kasede harmanlayıp servis kabına alın.\r\nSosu için gerekli olan tüm malzemeyi kasede çırpıp salatanın üzerine gezdirin. Kinoalı ılık ıspanak salatası üzerini rendelenmiş parmesan peyniri ile süsleyerek ılık servis yapın.",
        "sure": 20,
         "pisirimturu":"ocak",
         "materials":"[ kırmızı kinoa,ıspanak,mantar,taze nane,dereotu,kırmızı çeri domates,sarı çeri domattes,limon suyu,nar eksişi,zeytinyağ,karabiber,parmesan peyniri]"
    },
    {
        "adi": "Akdeniz Salatası",
        "id": 2,
        "image": "https://lezzet.blob.core.windows.net/images-xxlarge-recipe/akdeniz_salatasi-103fa53f-cfea-4023-968a-b1d4669bb8f1.jpg",
        "malzemeler:": "3~4 yaprak marul\r\n 3~4 yaprak lolorosso\r\n 3~4 yaprak göbek marul\r\n4 kırmızı çeri domates\r\n 4 sarı çeri domates\r\n Sosu için\r\n\r\nYarım çay bardağı zeytinyağı\r\n 1 limonun suyu\r\n 1 tatlı kaşığı hardal\r\n1 tatlı kaşığı mayonez\r\nTuz\r\n Üzeri için\r\n\r\n Yarım çay bardağı dilimlenmiş yeşil zeytin\r\n Yarım çay bardağı dilimlenmiş siyah zeytin",
        "recipe": "İlk olarak yeşillikleri iri doğrayıp geniş bir salata kasesine alın.\r\nDörde böldüğünüz çeri domatesleri ilave edip karıştırın.\r\nSosu için; zeytinyağı, limon suyu, hardal ve mayonezi bir kasede karıştırıp salatanın üzerine gezdirin.\r\nDilimlenmiş zeytinlerle süsleyerek servis yapın. ",
        "sure": 15,
         "pisirimturu":"Yok",
         "materials":"[marul,lolorosso,göbek marul,çeri domates,zeytinyağ,hardal,mayonez,siyah zeytin,limon suyu,yeşil zeytin]"

    },
    {
        "adi": "Narlı Roka Salatası",
        "id": 3,
        "image": "https://lezzet.blob.core.windows.net/images-xxlarge-recipe/narli_roka_salatasi-939bcb30-d762-4397-9ce5-d1585ded5ad3.jpg",
        "malzemeler": "1 su bardağı nar tanesi\r\n1 kırmızı soğan\r\n1 demet roka\r\nYarım su bardağı haşlanmış mısır\r\nYarım su bardağı siyah zeytin\r\n1 su bardağı kiraz domates\r\n3/4 su bardağı ceviz\r\nSos için\r\n\r\n2 yemek kaşığı nar ekşisi\r\n1 yemek kaşığı elma sirkesi\r\n2 yemek kaşığı sızma zeytinyağı\r\n1 tatlı kaşığı tuz\r\n Sumak",
        "recipe": "Rokayı iyice yıkayıp iri doğrayın. Kırmızı soğanları iri doğrayın. Domatesleri ortadan ikiye bölün. Bir kapta mısır, zeytin ve cevizle karıştırın.\r\nSos için, gerekli tüm malzemeyi bir kapta karıştırın ve salatanın üzerine dökün ve sumak serpiştirin.\r\nNarlı roka salatasını, mutancana ile birlikte servis edebilirsiniz.",
        "sure": 15,
         "pisirimturu":"Yok",
         "materials":"[nar,kırmızı soğan,roka,mısır,siyah zeytin,nar eksişi,domates,ceviz,elma sirkesi,zeytinyağ,sumak]"
    },
    {
        "adi": "Parmesan Peynirli Salata",
        "id": 4,
        "image": "https://refika01.mncdn.com/wp-content/uploads/2010/07/bastancikaranlarin-salatasi.jpg",
        "malzemeler": "3 demet roka\r\n1 demet ince dilimlenmiş turp\r\n150 gram ince dilimlenmiş parmesan peyniri\r\n3 çorba kaşığı zeytinyağı\r\n2 çorba kaşığı limon suyu\r\n1 çay kaşığı balzamik sirke\r\n1 çay kaşığı hardal, tuz, karabiber\r\n16 adet kiraz domates",
        "recipe": "Rokaları yıkayıp, bir salata tabağına alın. Üzerine turp dilimleri ve parmesan peyniri dilimlerini yerleştirin. 3 çorba kaşığı zeytinyağı, limonsuyu, balzamik sirke, hardal, tuz ve karabiberi bir kapta karıştırın. Bu sosu roka yapraklarının üzerine gezdirin. Kiraz domateslerle süsleyip, servis yapın.",
        "sure": 10,
         "pisirimturu":"Yok",
         "materials":"[roka,turp,parmesan peynir,zeytinyağ,limon suyu,balzamik sirke,karabiber,hardal,tuz,domates]"
    },
     {
        "adi": "Meyve Salatası",
        "id": 5,
        "image": "https://i.pinimg.com/564x/67/50/66/6750669145de1ff960a084aa1f552f63.jpg",
        "materials": "[ portakal, kivi, ayva,nar, elma, bal,limon]",
        "recipe": "Portakal, kivi, ayva ve elmayı küp küp doğrayın. Narı ayıklayıp meyvelerle karıştırın. Limon suyu ile balı karıştırıp meyvelerin üzerine dökün. Arzu ederseniz kaymaklı dondurma ile servis yapabilirsiniz. ",
        "sure": 10,
         "pisirimturu":"Yok",
         "malzemeler":"2 adet portakal\r\n 2 adet\r\n kivi\r\n 1 adet ayva\r\n 1 adet nar\r\n 1 adet elma\r\n 1 yemek kaşığı bal\r\n 2 yemek kaşığı limon"
    },
    {
        "adi": "Mısırlı Peynirli Diyet  Salata",
        "id": 6,
        "image": "https://i.pinimg.com/564x/0c/51/78/0c517806ba5e0b16a8bf59f0e23379d7.jpg",
        "materials": "[zeytinyağı,beyaz peynir (küp küp kesilmiş),dereotu,limon suyu, marul, mısır,domates, salatalığı,nar,deniz tuzu]",
        "recipe": " Marulları salatalıkları ince ince kıyın. Domateslerin ve salatalıkların kabuklarını soyduktan sonra yuvarlak yuvarlak kesin. Dereotu kıydıktan sonra haşlanmış mısırlarla beraber büyük bir kaseye ekleyin ve güzelce karıştırın. Yarım limon ile zeytin yağını (nar yoksa eğer nar ekşisini) karıştırarak üstüne sos olarak dökün. Beyaz peyniri küp halinde nar ile beraber ekleyin.",
        "sure": 10,
         "pisirimturu":"Yok",
         "malzemeler":"1.5 yemek kaşığı zeytinyağı\r\n 1 küçük kase beyaz peynir (küp küp kesilmiş)\r\n 7 dal dereotu\r\n Yarım limonun suyu\r\n 8 yaprak marul 1 kase haşlanmış taze mısır\r\n 2 adet büyük boy domates\r\n 3 adet Çengelköy salatalığı\r\n 1 yemek kaşığı nar tanesi (yoksa nar ekşisi )\r\n Deniz tuzu"
    },
     {
        "adi": "Hellim  Peynirli  Salata",
        "id": 7,
        "image": "https://encrypted-tbn0.gstatic.com/images?q=tbn%3AANd9GcTNmrSVuDDiWOojSyLksotj0Y0f1GCtgz6QWg&usqp=CAU",
        "materials": "[göbek marul,domates,soya filizi,hellim peyniri, zeytinyağı,konserve mısır, kekik,Akdeniz yeşillikleri,ceviz, limon suyu, zeytinyağı,sirke, mayonez,tuz]",
        "recipe": "Marulu, domatesleri ve diğer tüm salata malzemesini yıkayıp doğrayın. Hellim peyniri hariç tüm malzemeyi karıştırın.Hellim peynirlerini şeritler halinde kesip ızgarada pişirin. Yeşillik karışımını servis yapacağınız salata tabağına alın, sosu hazırlamak için zeytinyağı, limon suyu, sirke, mayonez ve tuzu karıştırın ve salatanın üzerine gezdirin.Kızarmış hellim peynirlerini salatanın üzerine dizin ve servis yapın..",
        "sure": 30,
         "pisirimturu":"Yok",
         "malzemeler":"1 adet küçük boy göbek marul\r\n 2 orta boy domates\r\n 1 küçük konserve soya filizi\r\n 1 paket hellim peyniri\r\n Yarım fincan zeytinyağı\r\n Yarım konserve mısır\r\n İsteğe göre kekik\r\n Akdeniz yeşillikleri\r\n Ceviz1 adet limonun suyu\r\n 1 fincanı zeytinyağı\r\n 2 yemek kaşığı sirke\r\n 1 kaşık mayonez\r\n Tuz"
    }

]